<?xml version='1.0' encoding='iso-8859-1' standalone='yes' ?>

<jamoma version='0.5'
		xmlns:xsi='http://www.w3.org/2001/XMLSchema-instance'
		xsi:schemaLocation='http://jamoma.org/ file:jamoma.xsd'
>
  <preset number='1' name='basic_H'>
    <item name='C/descrid' type='msg_int' priority='0'>2</item>
    <item name='H/descrid' type='msg_int' priority='0'>7</item>
    <item name='S/descrid' type='msg_int' priority='0'>10</item>
    <item name='V/descrid' type='msg_int' priority='0'>12</item>
    <item name='X/descrid' type='msg_int' priority='0'>6</item>
    <item name='Y/descrid' type='msg_int' priority='0'>11</item>
    <item name='Z/descrid' type='msg_int' priority='0'>0</item>
    <item name='toggle/H' type='msg_int' priority='0'>1</item>
	<item name='toggle/V' type='msg_int' priority='0'>0</item>
    <item name='ui/freeze' type='msg_toggle' priority='0'>0</item>
    <item name='view/color/border' type='msg_list' priority='0'>0</item>
    <item name='view/color/contentBackground' type='msg_list' priority='0'>0</item>
    <item name='view/color/toolbarBackground' type='msg_list' priority='0'>0</item>
    <item name='view/color/toolbarText' type='msg_list' priority='0'>0</item>
    <item name='view/size' type='msg_list' priority='0'>450 210 </item>
  </preset>
  <preset number='2' name='basic_HV'>
    <item name='C/descrid' type='msg_int' priority='0'>2</item>
    <item name='H/descrid' type='msg_int' priority='0'>7</item>
    <item name='S/descrid' type='msg_int' priority='0'>10</item>
    <item name='V/descrid' type='msg_int' priority='0'>12</item>
    <item name='X/descrid' type='msg_int' priority='0'>6</item>
    <item name='Y/descrid' type='msg_int' priority='0'>11</item>
    <item name='Z/descrid' type='msg_int' priority='0'>0</item>
    <item name='toggle/H' type='msg_int' priority='0'>1</item>
	<item name='toggle/V' type='msg_int' priority='0'>1</item>
    <item name='ui/freeze' type='msg_toggle' priority='0'>0</item>
    <item name='view/color/border' type='msg_list' priority='0'>0</item>
    <item name='view/color/contentBackground' type='msg_list' priority='0'>0</item>
    <item name='view/color/toolbarBackground' type='msg_list' priority='0'>0</item>
    <item name='view/color/toolbarText' type='msg_list' priority='0'>0</item>
    <item name='view/size' type='msg_list' priority='0'>450 210 </item>
  </preset>
</jamoma>
